Name,Email,Phone,Office Phone,Fax,Primary Contact,Alt. Email,NextService Project Type,Estimate,Labor Cost (ATTB),MJC Project TopLevelParent (TLP),MJC Net Profit,MJC Project 003,MJC Immediate Parent Project,Project Close Date,Prime Sales Rep,AIA Retainage %,AIA Retainage Cost,AIA Planned SO,Custom Tax Item,Customer Refund Entity Bank Subsidiary,Customer Refund Entity Bank Format,Cust Ref File Format,Customer DD Entity Bank Subsidiary,Customer DD Entity Bank Format,Direct Debit File Format
3D Electrical Services,,250-746-7007,,,,,,,,,,,,,,,,,G - GST only,,,,,,
123 Test Company,,,,,,,,,,,,,,,,,,,,,,,,,
484 Electrical Contractors,,250-589-6232,,,,,,,,,,,,,,,,,G - GST only,,,,,,
1175 Douglas (BC) Properties,,250-388-6454,250-382-3564,,,,,,,,,,,,,,,,G - GST only,,,,,,
100606,,604-214-8650,,,,,,,,,,,,,,,,,,,,,,,
101147,johndoe@testelectric.ca,2508939089,,,,,,,,,,,,,Kevin BJORNSON,,,,,,,,,,
653440 BC LTD o/a Brownsey Electric,,250-701-3776,,,,,,,,,,,,,,,,,G - GST only,,,,,,
0956317 BC Ltd,,250-999-8991,,,,,,,,,,,,,,,,,G - GST only,,,,,,
0985471 BC Ltd,,604-802-6723,855-933-3842,,,,,,,,,,,,,,,,G - GST only,,,,,,
1128141 BC Ltd.,,250-415-8305,,,,,,,,,,,,,,,,,G - GST only,,,,,,
8528934 Canada Ltd. O/A 7ACRES,,519-368-3060,,,,,,,,,,,,,,,,,G - GST only,,,,,,
AA Clarke Electric Ltd.,,250-858-7004,,,,,,,,,,,,,,,,,G - GST only,,,,,,
ABB Inc.,,514-832-6500,,,,,,,,,,,,,,,,,G - GST only,,,,,,
Accel Systems,,,,,,,,,,,,,,,,,,,G - GST only,,,,,,
Ace Manufacturing Metals Ltd.,,866-352-7145,780-352-7145,,,,,,,,,,,,,,,,G - GST only,,,,,,
ACML Management Western Ltd.,,250-519-7700,,,,,,,,,,,,,,,,,G - GST only,,,,,,
ACML Operations (FSJ) Ltd.,,250-261-7300,,,,,,,,,,,,,,,,,G - GST only,,,,,,
Action Electric,,604-677-8700,,,,,,,,,,,,,,,,,G - GST only,,,,,,
Advanced Energy Systems 2 LP,,604-454-8404,604-466-0781,,,,,,,,,,,,,,,,G - GST only,,,,,,
Advanced Energy Systems LP1,robro6@aol.com,604-454-8404,604-466-0781,,,,,,,,,,,,,,,,G - GST only,,,,,,
Advanced Powerlines,,250-861-5540,250-807-7794,,,,,,,,,,,,,,,,G - GST only,,,,,,
Advantage Heating and Cooling Ltd.,,250-384-3317,250-217-5118,,,,,,,,,,,,,,,,G - GST only,,,,,,
AE Electric,ae.electric.bc@gmail.com,(250) 589-3314,,,,,,,,,,,,,Douglas de la MARE,,,,GP - GST/PST - BC,,,,,,
Aecon Water Infrastructure Inc.,,403-770-1914,,,,,,,,,,,,,,,,,G - GST only,,,,,,
AGT Electrical Systems Ltd.,,250-889-5707,250-384-7001,,,,,,,,,,,,,,,,G - GST only,,,,,,
Aines and Tyler Electric Co. Ltd.,,250-724-6133,,,,,,,,,,,,,,,,,G - GST only,,,,,,
Algonquin Power Systems (Cordova) LP,,604-867-9414,,,,,,,,,,,,,,,,,G - GST only,,,,,,
Allan Bell & Associates Ltd.,,604-986-8865,,,,,,,,,,,,,,,,,G - GST only,,,,,,
Alliance Electric,,250-881-2302,250-580-4311,,,,,,,,,,,,,,,,G - GST only,,,,,,
Allied Power and Communication,,778-351-4730,,,,,,,,,,,,,,,,,G - GST only,,,,,,
Allteck Line Contractors Inc.,,866-882-8191,604-857-6600,,,,,,,,,,,,,,,,G - GST only,,,,,,
Allterra Construction Ltd.,,250-658-3772,,,,,,,,,,,,,,,,,G - GST only,,,,,,
Allwest Electric Ltd.,,604-464-6200,604-219-3605,,,,,,,,,,,,,,,,G - GST only,,,,,,
Alta Lake Electric Ltd.,sean@altalakeelectric.com,(604) 892-5331,,,,,,,,,,,,,,,,,GP - GST/PST - BC,,,,,,
AMEC Americas Ltd,,905-829-5400,,,,,,,,,,,,,,,,,G - GST only,,,,,,
Amica Somerset House,,250-380-9121,,,,,,,,,,,,,,,,,G - GST only,,,,,,
Ammeter Electric,,250-246-4899,250-246-9594,,,,,,,,,,,,,,,,G - GST only,,,,,,
Amped Electrical Contracting,,250-882-5282,,,,,,,,,,,,,,,,,G - GST only,,,,,,
Andrew Electric Ltd.,,250-883-0801,250-883-5391,,,,,,,,,,,,,,,,G - GST only,,,,,,
Andrew Peller Limited,,(250) 859-6971,,,Devon Frizell,,,,,,,,,,Douglas de la MARE,,,,G - GST only,,,,,,
Andritz Hydro Canada Inc.,,514-428-6700,,,,,,,,,,,,,,,,,G - GST only,,,,,,
Apex Steel & Gas Ltd.,,250-386-2929,,,,,,,,,,,,,,,,,G - GST only,,,,,,
Apple Electric,,250-830-0997,250-286-4911,,,,,,,,,,,,,,,,G - GST only,,,,,,
Applied Engineering Solutions,,250-381-6121,250-744-7855,,,,,,,,,,,,,,,,G - GST only,,,,,,
Arctic Arrow Powerline Group Ltd.,,604-507-7424,,,,,,,,,,,,,,,,,G - GST only,,,,,,
Arnett Grgic Engineering Ltd.,,604-267-3042,,,,,,,,,,,,,,,,,G - GST only,,,,,,
Arrm Electric Ltd.,,250-381-0024,,,,,,,,,,,,,,,,,G - GST only,,,,,,
Ascent Property Management,,604 - 293-2434,,,,,,,,,,,,,,,,,G - GST only,,,,,,
Ascot Resources,,778-725-1060,855-593-2951,,,,,,,,,,,,,,,,G - GST only,,,,,,
Ashlu Creek Investment L.P.,,450-928-2550,,,,,,,,,,,,,,,,,G - GST only,,,,,,
Aspect Electrical Services,,250-999-8991,,,,,,,,,,,,,,,,,G - GST only,,,,,,
Atlantic Power Corp.,,617-977-2710,,,,,,,,,,,,,,,,,_CA-E,,,,,,
Atli Chip Limited Partnership,,250-928-3151,250-230-1316,,Eddy Feldman,,,,,,,,,,,,,,G - GST only,,,,,,
Atlin Tlingit Economic LP,,250-651-2221,,,,,,,,,,,,,,,,,G - GST only,,,,,,
Averill Creek Vineyard,,250-709-9986,,,,,,,,,,,,,,,,,G - GST only,,,,,,
AWSE Electrical,,604-632-1665,,,,,,,,,,,,,,,,,G - GST only,,,,,,
Bamfield Marine Sciences Centre,,250-728-3301,,,,,,,,,,,,,,,,,G - GST only,,,,,,
Barkley Group,,250-390-2627,250-741-4227,,,,,,,,,,,,,,,,G - GST only,,,,,,
Barnabas Family Ministries,,778-200-3553,,,,,,,,,,,,,,,,,G - GST only,,,,,,
Barr Creek Limited Partnership,,604-688-8271,,,,,,,,,,,,,,,,,G - GST only,,,,,,
Bartle & Gibson Co. Ltd.,,780-472-2850,,,,,,,,,,,,,,,,,G - GST only,,,,,,
Basic Rock Products,,250-652-4647,,,,,,,,,,,,,,,,,G - GST only,,,,,,
Bayhill Contracting Ltd.,,604-533-3306,604-536-3376,,,,,,,,,,,,,,,,G - GST only,,,,,,
BC Ferries,,250-978-1267,,,,,,,,,,,,,,,,,G - GST only,,,,,,
BC Housing Management Commission,,778-452-6475,,,,,,,,,,,,,,,,,G - GST only,,,,,,
BC Hydro,,250-897-7414,,,,,,,,,,,,,,,,,G - GST only,,,,,,
BC Marble Products Ltd.,,250-324-3021,,,,,,,,,,,,,,,,,G - GST only,,,,,,
BC Tree Fruits Cooperative,,250-470-4259,250-498-3491,,,,,,,,,,,,,,,,G - GST only,,,,,,
bcIMC Realty Corp c/o QuadReal Property Group,,604-990-5426,,,,,,,,,,,,,,,,,G - GST only,,,,,,
BCIT,,604-432-8399,604-456-1056,,,,,,,,,,,,,,,,G - GST only,,,,,,
Bear Hydro Limited Partnership,,,,,,,,,,,,,,,,,,,G - GST only,,,,,,
Beedie Construction Ltd.,nate.mcgroarty@beedie.ca,,,,,,,,,,,,,,Chris DUGGAN,,,,G - GST only,,,,,,
Bell Media Inc.,,,,,,,,,,,,,,,,,,,G - GST only,,,,,,
Bell Tech Systems Ltd.,,250-360-2233,250-857-0485,,,,,,,,,,,,,,,,G - GST only,,,,,,
Bernie Osborne Electric Ltd.,,250-386-9108,250-883-1119,,,,,,,,,,,,,,,,G - GST only,,,,,,
Berwick Retirement,,250-385-1505,,,,,,,,,,,,,,,,,G - GST only,,,,,,
Berwick Royal Oak,,250-386-4680,250-940-1308,,,,,,,,,,,,,,,,G - GST only,,,,,,
BGIS,,250-952-3839,,,,,,,,,,,,,,,,,G - GST only,,,,,,
Bianco Enterprises Ltd.,,604-961-3485,,,,,,,,,,,,,,,,,G - GST only,,,,,,
Big Silver Creek L.P.,,604-894-6862,,,,,,,,,,,,,,,,,G - GST only,,,,,,
Black & McDonald,,604-301-1070,,,,,,,,,,,,,,,,,G - GST only,,,,,,
BluEarth Asset Management Inc.,,403-668-1575,844-214-2578,,,,,,,,,,,,,,,,G - GST only,,,,,,
Boralex,,819-363-6363,,,,,,,,,,,,,,,,,G - GST only,,,,,,
Boralex Ocean Falls LP,,819-363-6363,,,,,,,,,,,,,,,,,G - GST only,,,,,,
Boston Bar Limited Partnership,,905-829-6360,604-860-3199,,,,,,,,,,,,,,,,G - GST only,,,,,,
Boulder Creek Power LP,,604-633-9990,,,,,,,,,,,,,,,,,G - GST only,,,,,,
Box Canyon Hydro Corp.,,604-648-6609,,,,,,,,,,,,,,,,,G - GST only,,,,,,
Braker Electric Ltd.,,250-723-7506,,,,,,,,,,,,,,,,,G - GST only,,,,,,
Brechin United Church,,604-692-1434,,,,,,,,,,,,,,,,,G - GST only,,,,,,
Brentwood College,,250-743-5521,,,,,,,,,,,,,,,,,G - GST only,,,,,,
Brewis Electric Company Ltd.,,250-383-5157,,,,,,,,,,,,,,,,,G - GST only,,,,,,
Bridge Electric Corp.,,604-273-2744,,,,,,,,,,,,,,,,,G - GST only,,,,,,
Bridge Systems,,250-475-3766,,,Glen Byrne,,,,,,,,,,,,,,G - GST only,,,,,,
Brite-Lite Inc.,,604-525-5549,,,,,,,,,,,,,,,,,G - GST only,,,,,,
Broadmead Care Society,,250-658-0311,,,,,,,,,,,,,,,,,G - GST only,,,,,,
Brookfield Power Renewable,,604-661-9602,778-988-5431,,,,,,,,,,,,,,,,G - GST only,,,,,,
Brown Bros. Agencies Ltd.,,250-385-8771,,,,,,,,,,,,,,,,,G - GST only,,,,,,
Brown Miller Power L.P.,,450-928-2550,,,,,,,,,,,,,,,,,G - GST only,,,,,,
BV Electric Ltd.,,250-877-9642,250-635-6287,,,,,,,,,,,,,,,,G - GST only,,,,,,
BWL Marine Services,,250-537-6615,250-537-4988,,,,,,,,,,,,,,,,G - GST only,,,,,,
C R Metal Fabricators,,250-286-6313,,,,,,,,,,,,,,,,,G - GST only,,,,,,
Cairns Electric Ltd.,,604 - 468-0631,,,,,,,,,,,,,,,,,G - GST only,,,,,,
Calgar Electrical Installations,,250-658-2983,,,,,,,,,,,,,,,,,G - GST only,,,,,,
Camosun College,,250-370-3044,,,,,,,,,,,,,,,,,G - GST only,,,,,,
Canadian Coast Guard,,250-480-2627,,,,,,,,,,,,,,,,,G - GST only,,,,,,
Canadian Coast Guard Marine Engineering,,,,,,,,,,,,,,,,,,,G - GST only,,,,,,
Canadian Hydro Components Ltd - CAD,,(613) 256-1983,,,Andrew Treble,,,,,,,,,,,,,,CA-E,,,,,,
Canadian Hydro Components Ltd.,,613-256-1983,,,Andrew Treble,,,,,,,,,,,,,,CA-E,,,,,,
Canadian Hydro Components Ltd. (inactive),,613-256-1983,,,,,,,,,,,,,,,,,G - GST only,,,,,,
Canadian Hydro Developers Inc.,,,,,,,,,,,,,,,,,,,G - GST only,,,,,,
Canadian Mountain Holidays LP,,403-762-7113,403-762-7100,,,,,,,,,,,,,,,,G - GST only,,,,,,
Canadian Projects Limited,,403-508-1562,403-508-1560,,,,,,,,,,,,,,,,G - GST only,,,,,,
Canem Systems Ltd.,,(250) 475-1955,,,Dwain Finner,,,,,,,,,,,,,,G - GST only,,,,,,
Canoe Creek Hydro,,250-390-2627,,,,,,,,,,,,,,,,,G - GST only,,,,,,
Canreal Management Corporation,,604-688-8851,,,,,,,,,,,,,,,,,G - GST only,,,,,,
Cantec Electrical Services Ltd.,,604-590-4555,604-970-7270,,,,,,,,,,,,,,,,,,,,,,
Canyon Hydro,,,,,,,,,,,,,,,Eric SLEIGH,,,,,,,,,,
Cape Scott Wind LP,,604-561-9473,,,,,,,,,,,,,,,,,G - GST only,,,,,,
Capital City Paving,,250-652-3626,,,,,,,,,,,,,,,,,G - GST only,,,,,,
Capital Electrical Systems Ltd.,,250-652-2127,250-883-8634,,,,,,,,,,,,,,,,G - GST only,,,,,,
Capital Regional District,,250-360-3000,250-360-3121,,,,,,,,,,,,,,,,G - GST only,,,,,,
CAPREIT,,778-432-0727,,,,,,,,,,,,,,,,,G - GST only,,,,,,
"CARDIFF, Keith",,250-294-5919,,,,,,,,,,,,,,,,,G - GST only,,,,,,
Cash Sale,,,,,,,,,,,,,,,,,,,G - GST only,,,,,,
Catalyst Paper,,250-734-8011,,,,,,,,,,,,,,,,,G - GST only,,,,,,
Cayoose Creek Power L.P.,,,,,,,,,,,,,,,,,,,G - GST only,,,,,,
CBS Electrical Contractors,,250-818-6755,,,,,,,,,,,,,,,,,G - GST only,,,,,,
CDN Controls Ltd.,,(780) 831-7214,,,,,,,,,,,,,Shane BLACK,,,,G - GST only,,,,,,
Cedar Road Bioenergy Inc.,,250-816-2250,,,,,,,,,,,,,,,,,G - GST only,,,,,,
CEL - Community Electric Ltd.,,306-477-8822,,,,,,,,,,,,,,,,,G - GST only,,,,,,
Central Island Powerline Ltd.,,250-748-0536,,,,,,,,,,,,,,,,,G - GST only,,,,,,
Centurion Electric Ltd.,admin@centurionelectric.ca,(604) 270-0107,,,,,,,,,,,,,Chris DUGGAN,,,,G - GST only,,,,,,
Chris Duggan,Chris.duggan@primeeng.ca,2508936031,,,,,,,,,,,,,,,,,,,,,,,
Church & Chapel Holdings Ltd.,,250-753-5757,800-769-5757,,,,,,,,,,,,,,,,G - GST only,,,,,,
CIPA Lumber,,604-523-2250,,,,,,,,,,,,,,,,,G - GST only,,,,,,
Citta Construction Ltd.,,250-544-1837,,,,,,,,,,,,,,,,,G - GST only,,,,,,
City Electric Supply,,604-539-9331,855-495-0535,,,,,,,,,,,,,,,,G - GST only,,,,,,
City of Campbell River,,250-286-5700,,,,,,,,,,,,,,,,,G - GST only,,,,,,
City of Nanaimo,,250-755-4417,,,,,,,,,,,,,,,,,G - GST only,,,,,,
City of Parksville,,250-248-6144,,,Sean O'Toole,,,,,,,,,,,,,,G - GST only,,,,,,
City of Victoria,,250-361-0244,250-883-0754,,,,,,,,,,,,,,,,G - GST only,,,,,,
Civeo Structures Inc.,,780-733-4940,,,,,,,,,,,,,,,,,G - GST only,,,,,,
CIVI Television,,250-381-2484,250-381-2485,,,,,,,,,,,,,,,,G - GST only,,,,,,
Clean Energy Consulting Inc,,,,,,,,,,,,,,,,,,,G - GST only,,,,,,
Clowhom Power L.P.,,403-668-1575,,,,,,,,,,,,,,,,,G - GST only,,,,,,
Coast Mountain Bus Company Ltd.,,604-953-3069,,,,,,,,,,,,,,,,,G - GST only,,,,,,
Coast Mountain Hydro Limited Partnership,,604-623-4750,,,,,,,,,,,,,,,,,G - GST only,,,,,,
Coast Mountain Hydro LP,,,,,,,,,,,,,,,,,,,G - GST only,,,,,,
Code Electric Products Ltd.,,604-540-0011,,,,,,,,,,,,,,,,,G - GST only,,,,,,
Colgan Electric Ltd.,,250-287-0177,,,,,,,,,,,,,,,,,G - GST only,,,,,,
Colliers International,,250-388-6454,,,,,,,,,,,,,,,,,G - GST only,,,,,,
Cologix Canada Inc.,,855-265-6449,438-798-0147,,,,,,,,,,,,,,,,_CA-E,,,,,,
Colonial Countertops,,250-383-1926,,,,,,,,,,,,,,,,,G - GST only,,,,,,
Community Electric Ltd.,,306-652-5005,306-477-8822,,,,,,,,,,,,,,,,G - GST only,,,,,,
Comox Pacific Express,,,,,,,,,,,,,,,,,,,G - GST only,,,,,,
Compass Electric,,250-886-4611,,,,,,,,,,,,,,,,,G - GST only,,,,,,
Continental Power Services (1987) Ltd.,,604-420-2899,604-892-2227,,,,,,,,,,,,,,,,G - GST only,,,,,,
Convertus Group,,(778) 806-1206,,,,,,,,,,,,,David Hoar,,,,,,,,,,
Cooper Power Industries,,,,,,,,,,,,,,,,,,,G - GST only,,,,,,
"Cooper Power Systems, LLC",,,,,,,,,,,,,,,,,,,_CA-E,,,,,,
Corix Multi-Utility Sevices Inc.,,250-377-7757,604-232-2122,,,,,,,,,,,,,,,,G - GST only,,,,,,
Corporation of the City of Duncan,,250-746-6126,,,,,,,,,,,,,,,,,G - GST only,,,,,,
Corporation of the District of Saanich,,250-475-1775,,,,,,,,,,,,,,,,,G - GST only,,,,,,
Corporation of the Township of Esquimalt,,250-414-7100,,,,,,,,,,,,,,,,,G - GST only,,,,,,
Crombie REIT,,844-868-8648,,,,,,,,,,,,,,,,,G - GST only,,,,,,
Cullen Diesel Power,,604-888-1211,,,,,,,,,,,,,,,,,G - GST only,,,,,,
Culliton Creek Power Limited Partnership,,403-508-1562,403-508-1560,,,,,,,,,,,,,,,,G - GST only,,,,,,
Cummins Canada ULC,,604 - 882-5000,,,,,,,,,,,,,,,,,G - GST only,,,,,,
Current Electric,,250-472-0666,,,,,,,,,,,,,,,,,G - GST only,,,,,,
D.D. Mac Electric Ltd.,,905-857-1210,,,,,,,,,,,,,,,,,G - GST only,,,,,,
Daiya Foods Inc.,,604-569-0530,877-324-9211,,,,,,,,,,,,,,,,G - GST only,,,,,,
Dandzen Development Partnership Limited,,778-799-2145,250-392-3918,,,,,,,,,,,,,,,,G - GST only,,,,,,
Darwin Construction (Canada) Ltd.,,604-929-7944,,,,,,,,,,,,,,,,,G - GST only,,,,,,
DB Services,,250-474-7020,778-977-4144,,,,,,,,,,,,,,,,G - GST only,,,,,,
DCS Electrical,,250-886-7057,,,,,,,,,,,,,,,,,G - GST only,,,,,,
DEA Electric,,250-216-1033,,,,,,,,,,,,,,,,,G - GST only,,,,,,
Delta Electric Ltd.,,,,,,,,,,,,,,,,,,,G - GST only,,,,,,
Delta Transformers,,450-378-3617,,,,,,,,,,,,,,,,,G - GST only,,,,,,
DenMar Electric,,250-758-8464,,,,,,,,,,,,,,,,,G - GST only,,,,,,
Dennison Property Management Ltd.,,604-982-7058,604-982-7065,,,,,,,,,,,,,,,,G - GST only,,,,,,
Dent Island Lodge Ltd.,,250-287-5970,,,,,,,,,,,,,,,,,G - GST only,,,,,,
Department of Fisheries and Oceans,,,,,,,,,,,,,,,,,,,G - GST only,,,,,,
Department of National Defence,,250-363-3298,,,,,,,,,,,,,,,,,G - GST only,,,,,,
Destination Toyota,,604-571-4350,,,,,,,,,,,,,,,,,G - GST only,,,,,,
Devon Properties Ltd.,,250-595-7000,,,,,,,,,,,,,,,,,G - GST only,,,,,,
Diacarbon Energy Inc.,,604-291-0001,,,,,,,,,,,,,,,,,G - GST only,,,,,,
Dircam Electric Limited,,416-798-1115,,,,,,,,,,,,,,,,,G - GST only,,,,,,
Discovery Diesel Electric 2006 Ltd.,,250-286-9621,,,,,,,,,,,,,,,,,G - GST only,,,,,,
District of Lake Country,,250-766-5650,,,,,,,,,,,,,,,,,G - GST only,,,,,,
District of North Cowichan,,250-746-3100,,,Shane Hixson,,,,,,,,,,,,,,G - GST only,,,,,,
Ditidaht First Nation,,250-390-2627,,,,,,,,,,,,,,,,,G - GST only,,,,,,
Division 16 Technologies Ltd.,office@d16.ca,(604) 762-5600,,,,,,,,,,,,,Chris DUGGAN,,,,GP - GST/PST - BC,,,,,,
DL14605 Developments Ltd.,greg.alexander@jamesisland.ca,(250) 883-3764,,,,,,,,,,,,,,,,,GP - GST/PST - BC,,,,,,
DMD & Associates Ltd.,,604-589-9010,,,,,,,,,,,,,,,,,G - GST only,,,,,,
Dogwood Ltd.,,604-530-9134,,,,,,,,,,,,,,,,,G - GST only,,,,,,
Doran-Taylor Hydro,,604-683-8271,,,,,,,,,,,,,,,,,G - GST only,,,,,,
Dorchester - VIS1193,,250-217-6610,250-385-8771,,,,,,,,,,,,,,,,G - GST only,,,,,,
DPM Strata Management,,778-338-6348,778-338-6352,,,,,,,,,,,,,,,,G - GST only,,,,,,
Dr. V.A. Gooderham Med Prof Corp,,250-940-6010,,,,,,,,,,,,,,,,,G - GST only,,,,,,
Driftwood Brewing Company,,250-514-8077,,,,,,,,,,,,,,,,,G - GST only,,,,,,
DSS Holdings Inc.,,250-589-1819,,,,,,,,,,,,,,,,,G - GST only,,,,,,
Duke Energy Business Service,,,,,,,,,,,,,,,,,,,_CA-E,,,,,,
Duncan Retail Limited Partnership,,250-748-2942,,,,,,,,,,,,,,,,,G - GST only,,,,,,
E.B. Horsman & Sons,,778-545-4620,778-545-9916,,,,,,,,,,,,,,,,G - GST only,,,,,,
EastPoint,,902-422-2000,,,,,,,,,,,,,,,,,G - GST only,,,,,,
Eaton,,414-768-8448,,,,,,,,,,,,,,,,,_CA-E,,,,,,
Eaton Canada,,604-519-1250,,,,,,,,,,,,,,,,,G - GST only,,,,,,
Eaton Corporation,,,,,,,,,,,,,,,,,,,_CA-E,,,,,,
Eco Flow Energy Corp.,,604-940-0402,604-349-1954,,,,,,,,,,,,,,,,G - GST only,,,,,,
Edwards Electric (2003) Ltd.,,250-652-9166,,,Terry Hull,,,,,,,,,,,,,,G - GST only,,,,,,
Edwards Electric Ltd.,,250-656-2602,250-888-0001,,,,,,,,,,,,,,,,G - GST only,,,,,,
"Eecol Electric, Courtenay",,(250) 338-5100,,,,,,,,,,,,,,,,,CA-GST only,,,,,,
"Eecol Electric, Cranbrook",,(250) 426-2555,,,,,,,,,,,,,,,,,G - GST only,,,,,,
"Eecol Electric, Kelowna",,(250) 762-0557,,,,,,,,,,,,,,,,,,,,,,,
"Eecol Electric, Langley",,(604) 455-6060,,,Jillian Weston,,,,,,,,,,,,,,G - GST only,,,,,,
"Eecol Electric, North Vancouver",,(604) 984-4194,,,,,,,,,,,,,Matthew SULLIVAN,,,,G - GST only,,,,,,
"Eecol Electric, Regina",,(306) 525-2317,,,,,,,,,,,,,,,,,G - GST only,,,,,,
"Eecol Electric, Surrey",,(604) 502-5670,,,Derrick Kimball,,,,,,,,,,,,,,G - GST only,,,,,,
"Eecol Electric, Victoria",,(250) 475-7578,,,,,,,,,,,,,,,,,G - GST only,,,,,,
Electricity Human Resources Canada,,,,,,,,,,,,,,,,,,,,,,,,,
Electron Metal AIG Inc.,,866-967-2257,450-625-8064,,,,,,,,,,,,,,,,G - GST only,,,,,,
EllisDon Corporation,,604-247-1072,,,,,,,,,,,,,,,,,G - GST only,,,,,,
Emery Electric Limited,,250-383-6961,,,,,,,,,,,,,,,,,G - GST only,,,,,,
Empress Hotel GP Inc,,,,,,,,,,,,,,,,,,,G - GST only,,,,,,
Ener-Lite Systems,,604-850-3232,,,,,,,,,,,,,,,,,G - GST only,,,,,,
Enerdu Power Systems Ltd.,,613-293-2606,613-257-2918,,,,,,,,,,,,,,,,G - GST only,,,,,,
Enerpex Inc.,,780-803-9473,,,,,,,,,,,,,,,,,G - GST only,,,,,,
Eppic Waterjet Inc.,,250-652-2220,250-882-9042,,,,,,,,,,,,,,,,G - GST only,,,,,,
Eric Redmond,,604-688-8271,778-869-9802,,,,,,,,,,,,,,,,G - GST only,,,,,,
Everatt Electric,,250-882-7130,,,,,,,,,,,,,,,,,G - GST only,,,,,,
Evolve Engineering Inc.,,250-858-1464,,,,,,,,,,,,,,,,,G - GST only,,,,,,
Executive House Power,,,,,,,,,,,,,,,,,,,G - GST only,,,,,,
Exell Power,,604-514-9472,,,,,,,,,,,,,,,,,G - GST only,,,,,,
F&M Installations Ltd.,,250-753-1214,,,,,,,,,,,,,,,,,G - GST only,,,,,,
Fairex Enterprises Ltd.,,236-594-8111,,,,,,,,,,,,,,,,,G - GST only,,,,,,
Fairmont Empress,,250-384-8111,250-389-2715,,,,,,,,,,,,,,,,G - GST only,,,,,,
Falcon Electric Ltd.,,604-485-5209,604-483-1483,,,,,,,,,,,,,,,,G - GST only,,,,,,
Fibreco Export Inc.,,,,,,,,,,,,,,,,,,,G - GST only,,,,,,
Field Service Test Company,johndoe@testelectric.ca,2508939089,,,,,,,,,,,,,,,,,,,,,,,
Finning (Canada),,,780-443-7043,,,,,,,,,,,,,,,,G - GST only,,,,,,
Firm Management,,250-544-2300,,,,,,,,,,,,,,,,,G - GST only,,,,,,
Fisheries & Oceans Canada,,250-363-6320,,,,,,,,,,,,,,,,,G - GST only,,,,,,
Fitzsimmons Creek Hydro Ltd.,,604-633-9990,,,,,,,,,,,,,,,,,G - GST only,,,,,,
Formwerks Boutique,,,,,,,,,,,,,,,,,,,G - GST only,,,,,,
Forrest Island Ranch,,250-896-8788,,,,,,,,,,,,,,,,,G - GST only,,,,,,
FortisBC Energy Inc.,,604-592-7688,,,,,,,,,,,,,,,,,G - GST only,,,,,,
Fraser City Installations (1989) Ltd.,,604-859-8520,,,,,,,,,,,,,,,,,G - GST only,,,,,,
Fraser Health Authority,,604-455-1300,,,,,,,,,,,,,,,,,G - GST only,,,,,,
Fraser Valley Refrigeration,,604-856-8644,,,,,,,,,,,,,,,,,G - GST only,,,,,,
Freshwater Fisheries Society of BC,,250-746-5180,250-510-4311,,,,,,,,,,,,,,,,G - GST only,,,,,,
Frontier-Kemper Constructors ULC,,778-346-4044,,,,,,,,,,,,,,,,,G - GST only,,,,,,
Fundamental Power,,778-788-7697,778-688-2434,,,,,,,,,,,,,,,,G - GST only,,,,,,
G&W Canada Corporation,,905-542-2000,905-285-2287,,,,,,,,,,,,,,,,G - GST only,,,,,,
Garibaldi Electrical Contractors Ltd.,,604-932-4500,604-213-0400,,,,,,,,,,,,,,,,G - GST only,,,,,,
GB Agencies Ltd.,,,,,,,,,,,,,,,,,,,G - GST only,,,,,,
Generous Electric,,250-701-3610,,,,,,,,,,,,,,,,,G - GST only,,,,,,
"Gescan, Div. of Sonepar Canada",,604-528-3600,,,,,,,,,,,,,,,,,G - GST only,,,,,,
Gilbert Gilkes & Gordon Ltd.,,44-1539-720028,,,,,,,,,,,,,,,,,_CA-E,,,,,,
Giusti Nairne Personal Injury Lawyers,,604-669-2238,855-669-2238,,,,,,,,,,,,,,,,G - GST only,,,,,,
Glenco Electric,,604-856-8553,,,,,,,,,,,,,,,,,G - GST only,,,,,,
Golden Valley Foods Ltd.,,604-302-1033,604-857-0704,,,,,,,,,,,,,,,,G - GST only,,,,,,
Goldstream Press,,250-727-2460,604-851-4488,,,,,,,,,,,,,,,,G - GST only,,,,,,
Goodwin Industrial Electric Ltd.,,,,,,,,,,,,,,,Shane BLACK,,,,,,,,,,
Gorge Electrical Services Ltd.,,250-658-0960,250-883-4236,,,,,,,,,,,,,,,,G - GST only,,,,,,
Gorter Construction Limited,,250-380-7343,250-883-5823,,,,,,,,,,,,,,,,G - GST only,,,,,,
Greater Victoria Harbour Authority,,250-383-8300,250-880-1654,,,,,,,,,,,,,,,,G - GST only,,,,,,
Greenberg Electric,,250-472-2010,250-889-9081,,,,,,,,,,,,,,,,G - GST only,,,,,,
Grieg Seafood BC Ltd.,,(250) 283-2297,,,,,,,,,,,,,Chris DUGGAN,,,,,,,,,,
Griffey's Electrical Contracting Ltd.,,250-883-8222,,,,,,,,,,,,,,,,,G - GST only,,,,,,
Grounded Systems Ltd.,,250-884-1942,778-265-0036,,,,,,,,,,,,,,,,G - GST only,,,,,,
Groupe Carbonneau,,450-534-2792,,,,,,,,,,,,,,,,,G - GST only,,,,,,
GT Mann Contracting,,250-857-5349,,,,,,,,,,,,,,,,,G - GST only,,,,,,
Guillevin Int. Co. - Abbotsford,,(604) 853-0791,,,,,,,,,,,,,,,,,G - GST only,,,,,,
Guillevin Int. Co. - Burnaby,,(604) 438-8661,,,,,,,,,,,,,,,,,G - GST only,,,,,,
Guillevin Int. Co. - Campbell River,,(250) 286-1055,,,,,,,,,,,,,,,,,,,,,,,
Guillevin Int. Co. - Chilliwack,,(604) 769-0803,,,,,,,,,,,,,,,,,G - GST only,,,,,,
Guillevin Int. Co. - Kelowna,,(250) 860-2259,,,,,,,,,,,,,,,,,G - GST only,,,,,,
Guillevin Int. Co. - Langley,,(604) 532-8636,,,,,,,,,,,,,,,,,G - GST only,,,,,,
Guillevin Int. Co. - Nanaimo,,(250) 758-9184,,,,,,,,,,,,,,,,,G - GST only,,,,,,
Guillevin Int. Co. - Prince George,,(250) 613-2388,(250) 960-4350,,,,,,,,,,,,,,,,G - GST only,,,,,,
GWL Realty Advisors Inc.,,604-713-7781,604-713-7785,,,,,,,,,,,,,,,,G - GST only,,,,,,
H.D. Trucking,,250-479-1369,250-883-2684,,,,,,,,,,,,,,,,G - GST only,,,,,,
Haa-ak-suuk Creek Hydro Limited Partnership,,,,,,,,,,,,,,,,,,,G - GST only,,,,,,
Hall Electrical,,604-836-0181,,,,,,,,,,,,,,,,,G - GST only,,,,,,
Hammerschlag & Joffe Inc.,,416-444-9263,,,,,,,,,,,,,,,,,G - GST only,,,,,,
Harbourview Electric Limited,,604-430-4777,,,,,,,,,,,,,,,,,G - GST only,,,,,,
Hardcore Enterprises Inc.,,778-426-4281,250-883-2803,,,,,,,,,,,,,,,,G - GST only,,,,,,
Harmac Forest Products Ltd.,,250-722-3211,,,,,,,,,,,,,,,,,G - GST only,,,,,,
Harrison Hydro LP,,604-633-9990,450-928-2550 x1305,,,,,,,,,,,,,,,,G - GST only,,,,,,
Hartley Bay Band Council,,250-841-2500,,,,,,,,,,,,,,,,,CA-E,,,,,,
Hartwig Industries,,250-475-2258,,,,,,,,,,,,,,,,,G - GST only,,,,,,
Hazelwood Construction Services,,250-716-1940,,,,,,,,,,,,,,,,,G - GST only,,,,,,
HB Electric,,250-748-9245,800-883-3757,,,,,,,,,,,,,,,,G - GST only,,,,,,
HB Energy,,250-283-7777,,,,,,,,,,,,,,,,,G - GST only,,,,,,
HC Transformer & Switchgear,,541 - 326-3132,,,,,,,,,,,,,,,,,_CA-E,,,,,,
Heatherbrae Builders,,250-585-0117,,,,,,,,,,,,,,,,,G - GST only,,,,,,
Henneberry Electric,,250-388-5756,250-880-1462,,,,,,,,,,,,,,,,G - GST only,,,,,,
Hesquiaht Nation,,250-390-2627,250-741-4227,,,,,,,,,,,,,,,,_CA-E,,,,,,
Hidden Creek Construction,,250-652-2309,,,,,,,,,,,,,,,,,G - GST only,,,,,,
High Park Farms,,519-704-1660,519-914-0528,,,,,,,,,,,,,,,,G - GST only,,,,,,
High Point Electric Ltd.,,604-372-3333,,,,,,,,,,,,,,,,,G - GST only,,,,,,
Hollandia Greenhouses Ltd.,terry@hollandia.ca,(604) 460-1866,,,Terry Pastorek,,,,,,,,,,Douglas de la MARE,,,,G - GST only,,,,,,
Honeymoon Bay Resort Association,,,,,,,,,,,,,,,,,,,G - GST only,,,,,,
Honeywell Building Solutions,,250-485-4650,,,,,,,,,,,,,,,,,G - GST only,,,,,,
Horizon North Manufacturing,,250-828-2644,587- 955-3411,,,,,,,,,,,,,,,,G - GST only,,,,,,
Horizon Power,,250-652-3090,,,,,,,,,,,,,,,,,G - GST only,,,,,,
"Houle Electric, Burnaby",,(604) 434-2681,,,,,,,,,,,,,,,,,G - GST only,,,,,,
"Houle Electric, Courtenay",,(250) 339-4805,,,,,,,,,,,,,,,,,G - GST only,,,,,,
"Houle Electric, Nanaimo",,(250) 758-3011,(250) 616-4006,(250) 758-0813,,,,,,,,,,,,,,,G - GST only,,,,,,
"Houle Electric, Victoria",,(250) 544-0099,(250) 661-5005,,,,,,,,,,,,,,,,G - GST only,,,,,,
Houston Electric,,250-360-6205,,,,,,,,,,,,,,,,,G - GST only,,,,,,
Houwelings Nurseries Ltd.,,604-398-5311,604-398-5305,,,,,,,,,,,,,,,,G - GST only,,,,,,
Howell Electric,,250-374-5771,,,,,,,,,,,,,,,,,G - GST only,,,,,,
Hunter Creek Hydro LP,,604-854-5465,,,,,,,,,,,,,,,,,G - GST only,,,,,,
Huuayaht First Nathion (HFN),,250-723-0100,,,,,,,,,,,,,,,,,G - GST only,,,,,,
I.C.R. Electric,,604-866-3790,604-302-5928,,,,,,,,,,,,,,,,G - GST only,,,,,,
IBEW 230,,,,,,,,,,,,,,,,,,,G - GST only,,,,,,
Independent Electric Supply,,416-291-0048,,,,,,,,,,,,,,,,,G - GST only,,,,,,
Inn at Laurel Point,,250-414-6708,,,,,,,,,,,,,,,,,G - GST only,,,,,,
"Innergex, Vancouver",,604-894-6862,450-928-2550 x1305,,Eric Ayotte,,,,,,,,,,,,,,G - GST only,,,,,,
Innova North America Partnership Ltd.,,604-792-3162,604-798-4949,,,,,,,,,,,,,,,,G - GST only,,,,,,
Institute of Ocean Sciences,,250-363-6517,,,,,,,,,,,,,,,,,G - GST only,,,,,,
Integral Group Consulting (BC) LLP,,604-687-1800,,,,,,,,,,,,,,,,,G - GST only,,,,,,
Integrity Electric Inc.,corry@integrityelectricinc.ca,(250) 246-0037,,,,,,,,,,,,,Douglas de la MARE,,,,GP - GST/PST - BC,,,,,,
Interior Health,,250-862-4200,,,,,,,,,,,,,,,,,G - GST only,,,,,,
Ironclad Developments Inc.,,204-777-1972,204-777-2006,,,,,,,,,,,,,,,,G - GST only,,,,,,
Island Electric Company,,250-616-8621,,,,,,,,,,,,,,,,,G - GST only,,,,,,
ITB Subsea DBA Island Tug & Barge Ltd.,,604-873-4312,,,,,,,,,,,,,,,,,G - GST only,,,,,,
Ivanhoe Cambridge Inc.,,250-740-3551,250-740-3555,,,,,,,,,,,,,,,,G - GST only,,,,,,
Jamie Creek LP,,819-363-6363,,,,,,,,,,,,,,,,,G - GST only,,,,,,
Jane Doe Electric,janedoe@testelectric.ca,2508939089,,,,,,,,,,,,,,,,,,,,,,,
Jarvis Engineering Consultants Ltd.,,604 - 850-0449,,,,,,,,,,,,,,,,,G - GST only,,,,,,
Jawl Properties,,250-475-0338,,,,,,,,,,,,,,,,,G - GST only,,,,,,
JBE Electric Ltd.,,250-889-7779,,,,,,,,,,,,,,,,,G - GST only,,,,,,
JC Clarke Consulting Ltd.,,604-213-1070,,,,,,,,,,,,,,,,,G - GST only,,,,,,
JDS Energy & Mining,,604-558-6300,250-763-6369,,,,,,,,,,,,,,,,G - GST only,,,,,,
Jim's Electric (2006) Ltd.,,403-529-2566,,,,,,,,,,,,,,,,,G - GST only,,,,,,
Jimmie Creek Limited Partnership,,604-235-6738,,,,,,,,,,,,,,,,,G - GST only,,,,,,
JJ Transport,,,,,,,,,,,,,,,,,,,G - GST only,,,,,,
John Doe Electric,johndoe@testelectric.ca,2508939089,,,,,,,,,,,,,,,,,,,,,,,
JR Power,,250-889-3187,,,,,,,,,,,,,,,,,G - GST only,,,,,,
JST Power Equipment Inc.,,201-349-1228,844-631-9046,,,,,,,,,,,,,,,,_CA-E,,,,,,
K & K Electric Ltd.,,250-949-8133,,,,,,,,,,,,,,,,,G - GST only,,,,,,
Kal Tire,,604-701-6203,,,,,,,,,,,,,,,,,G - GST only,,,,,,
Kang &  Gill Construction Ltd.,,250-590-3140,,,,,,,,,,,,,,,,,G - GST only,,,,,,
Keldon Electric,,250-861-4255,,,,,,,,,,,,,,,,,G - GST only,,,,,,
Kelt Exploration LNG Ltd.,,403-294-0154,,,,,,,,,,,,,,,,,G - GST only,,,,,,
Ken Scambler,,604-616-4760,,,,,,,,,,,,,,,,,G - GST only,,,,,,
Kennametal Ltd,,,,,,,,,,,,,,,,,,,_CA-E,,,,,,
Kernaghan Adjusters,,250-338-1213,,,,,,,,,,,,,,,,,G - GST only,,,,,,
Kinetics Drive Solutions,,604-607-8877,,,,,,,,,,,,,,,,,G - GST only,,,,,,
KJ Contracting Ltd.,,250-754-4569,,,,,,,,,,,,,,,,,G - GST only,,,,,,
Knapp Island,,425-577-2511,,,,,,,,,,,,,,,,,G - GST only,,,,,,
Knight Contracting Ltd.,,250-475-2595,,,,,,,,,,,,,,,,,G - GST only,,,,,,
Kobalt Systems Ltd.,,250-213-3788,,,,,,,,,,,,,,,,,G - GST only,,,,,,
Kootenay Aplus Systems,,250-368-9253,,,,,,,,,,,,,,,,,G - GST only,,,,,,
KR Electric Ltd.,,250-479-0050,250-883-1289,,,,,,,,,,,,,,,,G - GST only,,,,,,
Krueger Electrical,,250-860-3905,,,,,,,,,,,,,,,,,G - GST only,,,,,,
Kuterra Salmon Inc.,,250-956-4001,207-712-5101,,,,,,,,,,,,,,,,G - GST only,,,,,,
Kwadacha Nation,,250-563-4161,,,,,,,,,,,,,,,,,CA-E,,,,,,
Kwoiek Creek Resources Ltd.,,,,,,,,,,,,,,,,,,,G - GST only,,,,,,
Kyuquot Power Ltd.,,604-688-8271,,,,,,,,,,,,,,,,,G - GST only,,,,,,
L P Gander & Associates Ltd.,,604-298-0939,,,,,,,,,,,,,,,,,G - GST only,,,,,,
Lakehill Industries,,250-537-7286,604-531-1461,,,,,,,,,,,,,,,,G - GST only,,,,,,
Langwood Electric,,250-478-4877,250-889-6019,,,,,,,,,,,,,,,,G - GST only,,,,,,
Leading Edge Sales,g.meadows@leadingedgesales.ca,(866) 313-9004,,,,,,,,,,,,,,,,,G - GST only,,,,,,
Ledcor Construction Limited,,604-681-7500,,,,,,,,,,,,,,,,,G - GST only,,,,,,
Legislative Facility Services,,,,,,,,,,,,,,,,,,,G - GST only,,,,,,
Lehigh Cement,,250-743-5511,250-480-9126,,,,,,,,,,,,,,,,G - GST only,,,,,,
Lenius & Osborn Electric,,250-475-6051,250-727-8080,,,,,,,,,,,,,,,,G - GST only,,,,,,
Les Chocolats Favoris Inc.,,418-915-9311,418-614-7611 ext 204,,,,,,,,,,,,,,,,G - GST only,,,,,,
Les Hodgson Electrical Design Consultant,lezhodgson@shaw.ca,,,,,,,,,,,,,,,,,,,,,,,,
Lil'wat Nation Mount Currie Band,,250-390-2627,,,,,,,,,,,,,,,,,CA-E,,,,,,
Litostroj Hydro,benoit.raybaud@litostrojhydro.ca,(450) 534-2929 Ext 229,(438) 836-9703,,,,,,,,,,,,Eric SLEIGH,,,,G - GST only,,,,,,
Lizco Sales & Rentals Incl,,519-842-6458,877-827-2555,,,,,,,,,,,,,,,,G - GST only,,,,,,
Lockrum Builders Ltd.,,250-204-1270,,,,,,,,,,,,,,,,,G - GST only,,,,,,
Long Lake Hydro Inc.,,,,,,,,,,,,,,,Eric SLEIGH,,,,G - GST only,,,,,,
Long Lake Hydro LP,,,,,Jonathan Zappitelli,,,,,,,,,,,,,,G - GST only,,,,,,
Lush Manufacturing Ltd.,,604-638-3632,604-629-2757,,,,,,,,,,,,,,,,G - GST only,,,,,,
Luther Court Society,,250-477-7241,,,,,,,,,,,,,,,,,G - GST only,,,,,,
LVL Electric Ltd.,,780-266-2899,,,,,,,,,,,,,,,,,G - GST only,,,,,,
Lydian Holdings BC Inc. c/o Stonemark Const. Mgt.,,604-484-9136,818-338-9657,,,,,,,,,,,,,,,,G - GST only,,,,,,
M. R. Crane Services,,250-888-2721,250-478-1111,,,,,,,,,,,,,,,,G - GST only,,,,,,
M.K. Ince & Associates Ltd.,,604-677-0788,,,,,,,,,,,,,,,,,G - GST only,,,,,,
Mac's II Agencies,,604-540-6646,604-644-7731,,,,,,,,,,,,,,,,G - GST only,,,,,,
Malcolm's Electrical,,250-656-2212,250-883-0592,,,,,,,,,,,,,,,,G - GST only,,,,,,
Manulife Investment Management,,780-420-6236,780-409-6244,,,,,,,,,,,,,,,,G - GST only,,,,,,
Maple Avenue Properties Ltd.,,250-888-6524,,,,,,,,,,,,,,,,,G - GST only,,,,,,
"Mavel Americas,  Inc.",,617-242-2204,,,,,,,,,,,,,,,,,_CA-E,,,,,,
Mavi Innovations Inc.,,778-899-7007,,,,,,,,,,,,,,,,,G - GST only,,,,,,
Mayfair Gas & Plumbing Inc.,,250-562-8590,,,,,,,,,,,,,,,,,G - GST only,,,,,,
Mayfair Shopping Centre LP,,250-389-2526,250-389-2524,,,,,,,,,,,,,,,,G - GST only,,,,,,
Mazzei Electric Ltd.,,250-751-1727,,,,,,,,,,,,,,,,,G - GST only,,,,,,
McDonald Electric,,250-474-3234,,,,,,,,,,,,,,,,,G - GST only,,,,,,
McKay Creek Power,,250-837-7081,,,,,,,,,,,,,,,,,G - GST only,,,,,,
McKinley Electric Ltd.,,604-539-2810,604-833-3881,,,,,,,,,,,,,,,,G - GST only,,,,,,
MDE Electrical Mechanical,jacob@mde-electrical.com,(604) 291-1995,,,,,,,,,,,,,,,,,,,,,,,
Mega Power,,250-475-2100,,,Jon Michiel,,,,,,,,,,,,,,GP - GST/PST - BC,,,,,,
Memory Lane Construction Ltd.,,,,,,,,,,,,,,,,,,,G - GST only,,,,,,
Metro Shopping Center LP,,,,,,,,,,,,,,,,,,,G - GST only,,,,,,
Metro Vancouver,,778-452-2688,,,,,,,,,,,,,,,,,G - GST only,,,,,,
Michelle Isherwood,4michelleish@gmail.com,,,,,,,,,,,,,,Douglas de la MARE,,,,GP - GST/PST - BC,,,,,,
Mike Akam Electrical Services,,250-704-9996,,,,,,,,,,,,,,,,,G - GST only,,,,,,
Molson Coors Canada,,604-664-1786,,,,,,,,,,,,,,,,,G - GST only,,,,,,
Moose Lake Wind LP,,819-363-6363,,,,,,,,,,,,,,,,,G - GST only,,,,,,
Morgan Electrical Group Ltd.,,250-386-1094,,,,,,,,,,,,,,,,,G - GST only,,,,,,
Morguard Investments,,250-383-8093,250-216-0445,,,,,,,,,,,,,,,,G - GST only,,,,,,
Mott Electric Ltd.,,604-522-5757,778-231-8052,,,,,,,,,,,,,,,,G - GST only,,,,,,
Mowi Canada West,,,,,,,,,,,,,,,,,,,G - GST only,,,,,,
MPT Hydro LP c/o Regional Power Inc.,,905-363-4200,,,,,,,,,,,,,,,,,G - GST only,,,,,,
Mt. Washington Alpine Resort,,250-334-5737,250-334-5704,,,,,,,,,,,,,,,,G - GST only,,,,,,
Muchalat Industries,,250-383-7842,250-283-9266,,,,,,,,,,,,,,,,G - GST only,,,,,,
Muir Engineering,,250-890-0870,,,,,,,,,,,,,,,,,G - GST only,,,,,,
Murphy Design Services Inc.,,604-823-6773,,,,,,,,,,,,,,,,,G - GST only,,,,,,
MVA Power Inc.,info4@mvapower.com,(450) 589-0445,,,,,,,,,,,,,Eric SLEIGH,,,,,,,,,,
Nadine International Inc.,,905-602-1850,,,,,,,,,,,,,,,,,G - GST only,,,,,,
NAI Commercial Central,,250-753-5757,800-769-5757,,,,,,,,,,,,,,,,G - GST only,,,,,,
National Research Council Canada,,250-497-2361,250-488-1256,,,,,,,,,,,,,,,,G - GST only,,,,,,
Natural Forces Wind Inc.,,902-422-2963,902-877-5622,,,,,,,,,,,,,,,,G - GST only,,,,,,
Nedco,,905-712-4004,,,,,,,,,,,,,,,,,G - GST only,,,,,,
Netco Electric Ltd,info@netcoelectric.ca,506-858-7879,,,,,,,,,,,,,Chris DUGGAN,,,,CA-S-NB,,,,,,
NEXII Building Sol'n Inc.,,778-926-3944,,,,,,,,,,,,,,,,,G - GST only,,,,,,
Nextgen Technologies Ltd.,,604-343-5883,,,,,,,,,,,,,,,,,G - GST only,,,,,,
Nichol Electric,,250-383-0091,,,,,,,,,,,,,,,,,G - GST only,,,,,,
Nicholson Manufacturing Ltd.,,250-656-3131,,,,,,,,,,,,,,,,,G - GST only,,,,,,
Nicola Mining Inc.,,604-647-0142,604-358-9660,,,,,,,,,,,,,,,,G - GST only,,,,,,
Nicola Valley Institure of Technology,,250-378-3300,,,,,,,,,,,,,,,,,G - GST only,,,,,,
Nightingale Electrical Ltd.,,604-275-0500,778-233-0046,,,,,,,,,,,,,,,,G - GST only,,,,,,
Norman Homes,,250-213-6399,250-896-8049,,,,,,,,,,,,,,,,G - GST only,,,,,,
Norpac Power Ltd.,,250-889-7122,,,,,,,,,,,,,,,,,G - GST only,,,,,,
North America Construction (1993) Ltd.,,289 - 983-1650,,,,,,,,,,,,,,,,,G - GST only,,,,,,
North Coast Hotel Resort LTD,larryh@northcoasthotelresort.com,(250) 203-0840,,(250) 285-2761,,,,,,,,,,,,,,,G - GST only,,,,,,
North Island Chipping Ltd.,,250-928-3151,,,,,,,,,,,,,,,,,G - GST only,,,,,,
Northwest Stave River Hydro LP.,,604-633-9990,450-928-2550 x1305,,,,,,,,,,,,,,,,G - GST only,,,,,,
O'M Engineering,nav@omengineering.ca,(778) 389-5195,,,,,,,,,,,,,Chris DUGGAN,,,,G - GST only,,,,,,
Oak Bay Parks and Recreation,,250-370-7116,250-370-7125,,,,,,,,,,,,,,,,G - GST only,,,,,,
Ocean Falls Blockchain Corporation,,604-838-5077,416-854-0456,,,,,,,,,,,,,,,,G - GST only,,,,,,
OceanFront Suites at Cowichan Bay,,250-715-1000,800-663-7898,,,,,,,,,,,,,,,,G - GST only,,,,,,
Okanagan College,,250-862-5624,250-762-5445,,,,,,,,,,,,,,,,G - GST only,,,,,,
Old Growth Collective,,(403) 612-6081,,,,,,,,,,,,,Douglas de la MARE,,,,,,,,,,
Omicron Construction Ltd.,,604-632-3350,877-632-3350,,,,,,,,,,,,,,,,G - GST only,,,,,,
Onni Contracting Ltd.,,604-602-7711,604-629-7513,,,,,,,,,,,,,,,,G - GST only,,,,,,
OpenRoad Auto Group,,604-461-3656,604-205-3124,,,,,,,,,,,,,,,,G - GST only,,,,,,
Optimus Electric Inc.,,250-709-1477,,,,,,,,,,,,,,,,,G - GST only,,,,,,
Oranya Farms II Holdings Inc.,,604-856-7679,(604) 309-7748,,,,,,,,,,,,,,,,G - GST only,,,,,,
Osprey Electric Ltd.,,250-586-6220,250-240-1391,,,,,,,,,,,,,,,,G - GST only,,,,,,
OSSBERGER GmbH + Co,,499-141-9770,,,,,,,,,,,,,,,,,_CA-E,,,,,,
Ovintiv Canada ULC,,403-645-3576,,,,,,,,,,,,,,,,,G - GST only,,,,,,
Pacific Forestry Centre,,250-298-2505,250-882-4234,,,,,,,,,,,,,,,,G - GST only,,,,,,
Pacific National Exhibition,,604-252-3531,,,,,,,,,,,,,,,,,G - GST only,,,,,,
Pacific Powertech Inc.,,604-944-6697,,,,,,,,,,,,,,,,,G - GST only,,,,,,
Pacific West Stone Inc.,,604-684-6365,800-667-2114,,,,,,,,,,,,,,,,G - GST only,,,,,,
Pacificom Integration Ltd.,,604-597-2353,,,,,,,,,,,,,,,,,G - GST only,,,,,,
Painted Ladies Holdings Ltd.,,604-338-5031,,,,,,,,,,,,,,,,,G - GST only,,,,,,
Panorama Recreation,,250-655-2175,250-360-7595,,,,,,,,,,,,,,,,G - GST only,,,,,,
Paradise Homes Ltd.,,778-433-7027,250-744-6562,,,,,,,,,,,,,,,,G - GST only,,,,,,
Paragon Electrical Installations Ltd.,,604-599-5100,,,,,,,,,,,,,,,,,G - GST only,,,,,,
Pardell Electric,,250-883-6446,,,,,,,,,,,,,,,,,G - GST only,,,,,,
Partner Technologies Inc.,,306-721-3114,,,,,,,,,,,,,,,,,G - GST only,,,,,,
Patriot Electric,,250-590-3214,,,,,,,,,,,,,,,,,G - GST only,,,,,,
Patriot Homes Ltd.,,250-217-3080,,,,,,,,,,,,,,,,,G - GST only,,,,,,
PAX Construction Ltd.,,604-291-8885,,,,,,,,,,,,,,,,,G - GST only,,,,,,
PBX Engineering,,250-388-7222,,,,,,,,,,,,,,,,,G - GST only,,,,,,
Pemberton Holmes,,250-405-6263,250-479-9141,,,,,,,,,,,,,,,,G - GST only,,,,,,
Pembina West Limited Partnership,,403-231-3106,,,,,,,,,,,,,,,,,G - GST only,,,,,,
PFM Technical Solutions Ltd.,,250-800-2551,,,,,,,,,,,,,,,,,G - GST only,,,,,,
Pic Mobert Hydro Inc.,,416 - 862-2020,,,,,,,,,,,,,,,,,G - GST only,,,,,,
Pinnacle Contracting Ltd.,,604-852-1106,,,,,,,,,,,,,,,,,G - GST only,,,,,,
Pinnacle Electric Ltd.,,604-854-4465,,,,,,,,,,,,,,,,,G - GST only,,,,,,
PJV Electric,,250-744-6751,,,,,,,,,,,,,,,,,G - GST only,,,,,,
Plan Group Inc.,,416-635-9764,,,,,,,,,,,,,,,,,G - GST only,,,,,,
Platinum Electric,,604-796-2988,,,,,,,,,,,,,,,,,G - GST only,,,,,,
Playtime Gaming - Chances Campbell River,,250-286-1442,,,,,,,,,,,,,,,,,G - GST only,,,,,,
POSjoman Hydrotech Consulting,,604-219-1732,,,,,,,,,,,,,,,,,G - GST only,,,,,,
Powell River Energy Inc.,,844-233-0255,,,,,,,,,,,,,,,,,G - GST only,,,,,,
Power System Solutions,,807-345-7775,,,,,,,,,,,,,,,,,G - GST only,,,,,,
Power System Specialties,,,,,,,,,,,,,,,,,,,G - GST only,,,,,,
Power West Industries Ltd.,,604 - 278-1615,,,,,,,,,,,,,,,,,G - GST only,,,,,,
PowerPros Electrical,,604-855-1700,866-716-8008,,,,,,,,,,,,,,,,G - GST only,,,,,,
Powerserve Energy Ltd.,,250-830-1563,,,,,,,,,,,,,,,,,G - GST only,,,,,,
PowerWorks Electrical Services,,416-493-3636,,,,,,,,,,,,,,,,,G - GST only,,,,,,
Pretivm Exploration Inc.,,604-558-1784,604-566-8763,,,,,,,,,,,,,,,,G - GST only,,,,,,
PRH Facilities Management GP,,250-493-0554,,,,,,,,,,,,,,,,,G - GST only,,,,,,
Primary Engineering,,604-558-0401,,,,,,,,,,,,,,,,,G - GST only,,,,,,
Prime Assets,,,,,,,,,,,,,,,,,,,G - GST only,,,,,,
Prime Engineering,,2505908912,,,,,,,,,,,,,,,,,G - GST only,,,,,,
Prime Engineering Ltd,,(250) 590-8912,,,,,,,,,,,,,,,,,G - GST only,,,,,,
Prime Internal,,,,,,,,,,,,,,,,,,,G - GST only,,,,,,
Prime Warranty,,,,,,,,,,,,,,,,,,,G - GST only,,,,,,
Progressive Systems Ltd.,,250-897-2997,,,,,,,,,,,,,,,,,G - GST only,,,,,,
Proline Management,,250-475-6440,,,,,,,,,,,,,,,,,G - GST only,,,,,,
Pronghorn Controls Ltd.,,250-787-7004,403-720-2526,,,,,,,,,,,,,,,,G - GST only,,,,,,
Protec Installations Group,,604-278-3200,604-207-8326,,,,,,,,,,,,,,,,G - GST only,,,,,,
Providence Health Care,,604-297-9267,,,,,,,,,,,,,,,,,G - GST only,,,,,,
PTI Transformers Inc.,,306-721-3114,,,,,,,,,,,,,,,,,G - GST only,,,,,,
PTW Energy Services Ltd.,Ccaetano@ptwenergy.com,,,,,,,,,,,,,,,,,,GP - GST/PST - BC,,,,,,
Public Works & Government Services Canada,,604-816-0544,,,,,,,,,,,,,,,,,G - GST only,,,,,,
Pure Sunfarms Corp.,,778-357-0777,604-359-8621 Ext 8307,,,,,,,,,,,,,,,,G - GST only,,,,,,
Q-Line Trucking,,306-651-3540,800-479-9995,,,,,,,,,,,,,,,,G - GST only,,,,,,
Quadco Holdings Ltd.,,250-544-6774,,,,,,,,,,,,,,,,,G - GST only,,,,,,
Quantum Lighting Inc.,,604-526-7717,,,,,,,,,,,,,,,,,G - GST only,,,,,,
Quatsino First Nation,,250-390-2627,,,,,,,,,,,,,,,,,CA-E,,,,,,
Quinsam Coal Corporation,,250-286-3224,,,,,,,,,,,,,,,,,G - GST only,,,,,,
Raging River Power & Mining,,,,,,,,,,,,,,,,,,,G - GST only,,,,,,
Rainpower North America Inc.,,,,,,,,,,,,,,,,,,,G - GST only,,,,,,
Ralmax Contracting Ltd.,,250-386-7586,250-978-5260,,,,,,,,,,,,,,,,G - GST only,,,,,,
Ram Electric,,250-714-3016,,,,,,,,,,,,,,,,,G - GST only,,,,,,
Rambow Mechanical Ltd.,,250-762-8999,,,,,,,,,,,,,,,,,G - GST only,,,,,,
Raylec Power,,250-400-4266,,,,,,,,,,,,,,,,,G - GST only,,,,,,
RB Engineering Ltd.,,250-756-4444,,,,,,,,,,,,,,,,,G - GST only,,,,,,
Red Chris Development Co Ltd,,604-488-2682,,,,,,,,,,,,,,,,,G - GST only,,,,,,
Redlen Technologies,,250-656-5411,,,,,,,,,,,,,,,,,G - GST only,,,,,,
Redmen Electric,,250-858-5968,,,,,,,,,,,,,,,,,G - GST only,,,,,,
Reg Wright Electrical,,250-704-9200,,,,,,,,,,,,,,,,,G - GST only,,,,,,
Regional District of Nanaimo,,250-390-4111,877-607-4111,,,,,,,,,,,,,,,,G - GST only,,,,,,
Regional District of North Okanagan,,250-550-3700,,,,,,,,,,,,,,,,,G - GST only,,,,,,
Regional Power Inc.,,905-363-8299,905-363-4200,,,,,,,,,,,,,,,,G - GST only,,,,,,
ReimAir Consulting Ltd.,,250-893-1442,250-381-1441,,,,,,,,,,,,,,,,G - GST only,,,,,,
Rev Engineering,,403-287-0156,403-214-1755,,,,,,,,,,,,,,,,G - GST only,,,,,,
RG Facilities (Victoria) Ltd.,,,,,,,,,,,,,,,,,,,G - GST only,,,,,,
RioCan Management Inc.,,250-984-6107,250-984-6112,,,,,,,,,,,,,,,,G - GST only,,,,,,
RioCan Real Estate Inv Trust,,403-444-3854,,,,,,,,,,,,,,,,,G - GST only,,,,,,
Robert Barnard Design Ltd,barnard0@telus.net,,,,,,,,,,,,,,Shane BLACK,,,,G - GST only,,,,,,
Robertson Electric Wholesale BC Ltd.,,905-856-9311,,,,,,,,,,,,,,,,,G - GST only,,,,,,
Robson Valley Power Corporation,,,,,,,,,,,,,,,,,,,G - GST only,,,,,,
Rockford Energy Corporation,,604-946-9232,,,,,,,,,,,,,,,,,G - GST only,,,,,,
Rooham Electric,,778 - 471-6255,,,,,,,,,,,,,,,,,G - GST only,,,,,,
Royal BC Museum,,250-387-3007,,,,,,,,,,,,,,,,,G - GST only,,,,,,
Royal Roads University,,250-391-2658,,,,,,,,,,,,,,,,,G - GST only,,,,,,
Royal Vancouver Yacht Club,,604-834-9492,604-630-5932,,,,,,,,,,,,,,,,G - GST only,,,,,,
RPD (Province of BC) c/o CBRE Limited,,778-584-4495,,,,,,,,,,,,,,,,,G - GST only,,,,,,
Rubicon Holdings Corp.,,778-882-2267,236-333-1268,,,,,,,,,,,,,,,,G - GST only,,,,,,
Rushworth Electric,,250-361-1231,,,,,,,,,,,,,,,,,G - GST only,,,,,,
Rutherford Creek Power LP,,604-633-9990,450-928-2550 x1305,,,,,,,,,,,,,,,,G - GST only,,,,,,
S. Coast BC Transportation Authority,,778-375-7500,,,,,,,,,,,,,,,,,G - GST only,,,,,,
Sakwi Creek Hydro LP,,604-379-1167,,,,,,,,,,,,,,,,,G - GST only,,,,,,
Saltspring Island Sailing Club,admin@saltspringsailing.ca,,,,,,,,,,,,,,Chris DUGGAN,,,,,,,,,,
Saputo Dairy Products CA GP,,514-328-3466,,,,,,,,,,,,,,,,,G - GST only,,,,,,
SASCO Contractors Ltd.,,250-940-4000,604-299-1640 ext 108,,,,,,,,,,,,,,,,G - GST only,,,,,,
Scandesigns 1983 Ltd.,,250-475-2233,,,,,,,,,,,,,,,,,G - GST only,,,,,,
Scansa Contstruction Ltd.,,250-478-5222,,,,,,,,,,,,,,,,,G - GST only,,,,,,
School District #61 (Victoria),,250-475-4127,250-475-4146,,,,,,,,,,,,,,,,G - GST only,,,,,,
School District #62 (Sooke),,250-474-9800,250-474-9840 Ext 202,,,,,,,,,,,,,,,,G - GST only,,,,,,
School District #63 (Saanich),,250-652-7341,,,,,,,,,,,,,,,,,G - GST only,,,,,,
School District #64 (Gulf Islands),,250-5375723,,,,,,,,,,,,,,,,,G - GST only,,,,,,
School District #72 (Campbell River),,250-830-2305,,,,,,,,,,,,,,,,,G - GST only,,,,,,
School District #79 (Cowichan Valley),,250-748-0321,,,,,,,,,,,,,,,,,,,,,,,
School District #85 (Port Hardy),,250-949-6618,,,,,,,,,,,,,,,,,G - GST only,,,,,,
School District 68 (Nanaimo),,250-741-5262,250-741-5257,,,,,,,,,,,,,,,,G - GST only,,,,,,
School District 69 (Parksville),,250-248-4241,,,,,,,,,,,,,,,,,G - GST only,,,,,,
Sea to Sky Power Construction,,604-946-9232,,,,,,,,,,,,,,,,,G - GST only,,,,,,
Seaspan - Vancouver Drydock,,(604) 988-7444,,,,,,,,,,,,,,,,,G - GST only,,,,,,
Seaspan Marine Corporation,,604-988-3111,,,,,,,,,,,,,,,,,G - GST only,,,,,,
Seaward Kayaks Ltd.,,250-246-2223,,,,,,,,,,,,,,,,,G - GST only,,,,,,
Select Fluid Power (2012) Ltd.,,604-343-1111,604-648-2200,,,,,,,,,,,,,,,,G - GST only,,,,,,
Shape Property Management,,250-383-8093,,,,,,,,,,,,,,,,,G - GST only,,,,,,
Shaw Electrical Services Ltd.,,250-756-4655,,,,,,,,,,,,,,,,,G - GST only,,,,,,
Shawnigan Lake School,,250-743-5516,,,,,,,,,,,,,,,,,G - GST only,,,,,,
Shipping Address,,,,,,,,,,,,,,,,,,,,,,,,,
Shoal Point Strata 5030,,250-475-6440,250-388-3922,,,,,,,,,,,,,,,,G - GST only,,,,,,
Shur-Power Electric Ltd.,,250-748-2424,250-246-7200,,,,,,,,,,,,,,,,G - GST only,,,,,,
Siemens Canada Limited,,905-465-8000,,,,,,,,,,,,,,,,,G - GST only,,,,,,
Sigma Engineering Ltd.,,604-688-8271,,,,,,,,,,,,,,,,,G - GST only,,,,,,
Sigma Power Services Inc.,,780-395-5268,,,,,,,,,,,,,,,,,G - GST only,,,,,,
Simba Investments Ltd.,,250-898-8824,,,,,,,,,,,,,,,,,G - GST only,,,,,,
Siwash Watershed Resources,,604-818-7020,,,,,,,,,,,,,,,,,G - GST only,,,,,,
SK Technical Services Ltd.,,604-465-8770,604-839-7456,,,,,,,,,,,,,,,,G - GST only,,,,,,
SkyFire Energy Inc.,,778-476-8267,250-488-6309,,,,,,,,,,,,,,,,G - GST only,,,,,,
SNC Lavalin - Operations & Maintenance,,416-207-4700,,,,,,,,,,,,,,,,,G - GST only,,,,,,
SNC-Lavalin Defence Programs Inc.,,250-480-2899,250-686-9861,,,,,,,,,,,,,,,,G - GST only,,,,,,
SNC-Sullivan Joint Venture,,416-252-5315,604-230-8641,,,,,,,,,,,,,,,,G - GST only,,,,,,
Soo River Hydro,,,,,,,,,,,,,,,,,,,G - GST only,,,,,,
South Coast Electric Ltd.,,250-386-4117,,,,,,,,,,,,,,,,,G - GST only,,,,,,
Space Setters Construction,,250-818-5611,,,,,,,,,,,,,,,,,G - GST only,,,,,,
Specialized Power Solutions,,604-754-3612,,,,,,,,,,,,,,,,,G - GST only,,,,,,
Spectrum Power Systems,aj@sps.ca,(905) 405-9791,,,,,,,,,,,,,Eric SLEIGH,,,,_CA-PST-ON,,,,,,
St. Joseph's General Hospital,,250-890-3735,250-339-1433,,,,,,,,,,,,,,,,G - GST only,,,,,,
St. Margaret's School,,250-479-7171,,,,,,,,,,,,,,,,,G - GST only,,,,,,
St. Michael's University School,,250-592-2411,250-370-6167,,,,,,,,,,,,,,,,G - GST only,,,,,,
Stand Sure Electric,,250-686-8336,,,,,,,,,,,,,,,,,G - GST only,,,,,,
Stantec Consulting Ltd.,,250-388-9161,604-696-8139,,,,,,,,,,,,,,,,G - GST only,,,,,,
Starlight Developments,nedwards@starlightinvest.com,(416) 234-8444,,,,,,,,,,,,,Shane BLACK,,,,,,,,,,
Status Electrical Corporation,,604-859-1892,,,,,,,,,,,,,,,,,G - GST only,,,,,,
Strata Plan 1601,,250-743-3500,,,,,,,,,,,,,,,,,G - GST only,,,,,,
Strata Plan LMS 2461 c/o AA Property Management Ltd.,,(604) 207-2002,,,,,,,,,,,,,Matthew SULLIVAN,,,,,,,,,,
Strata Plan VIS535,,250-370-7093,,,,,,,,,,,,,,,,,G - GST only,,,,,,
Strata Plan VIS1329,,250-370-7093,,,,,,,,,,,,,,,,,G - GST only,,,,,,
Strata Plan VIS2213,,250-370-7093,,,,,,,,,,,,,,,,,G - GST only,,,,,,
Strata VIS 6037 c/o Bear Mtn. Land Holdings,,250-391-3703,,,,,,,,,,,,,,,,,G - GST only,,,,,,
Strata VIS569 - Stadacona Centre,,250-380-3815,,,,,,,,,,,,,,,,,G - GST only,,,,,,
Strathcona Electric,tpatterson@strathconaelectric.ca,(250) 204-7900,,,,,,,,,,,,,,,,,CA-GST only,,,,,,
Struthers Technical Solutions Ltd.,,778-476-5833,,,,,,,,,,,,,,,,,G - GST only,,,,,,
Sun Peaks Resort LLP,,250-578-5445,250-578-5432,,,,,,,,,,,,,,,,G - GST only,,,,,,
Sunbelt Rentals of Canada,,604-424-8148,604-202-4727,,,,,,,,,,,,,,,,G - GST only,,,,,,
Swift Power LP,,403-668-1575,,,,,,,,,,,,,,,,,G - GST only,,,,,,
Symtech Innovations Ltd.,,905-940-8044,905-752-8443,,,,,,,,,,,,,,,,G - GST only,,,,,,
Synertek Automation,,(604) 245-8340,,,,,,,,,,,,,Matthew SULLIVAN,,,,G - GST only,,,,,,
Synex Energy Resources Ltd.,,604-688-8271,,,,,,,,,,,,,,,,,G - GST only,,,,,,
T & D Products Ltd.,,780-419-7145,,,,,,,,,,,,,,,,,G - GST only,,,,,,
T & T Supermarket,,604-276-9889,604-232-8687,,,,,,,,,,,,,,,,G - GST only,,,,,,
T.J. Brunt Electrical Contracting Ltd.,,250-743-2139,,,,,,,,,,,,,,,,,G - GST only,,,,,,
Taurus Technologies,,250-920-9668,,,,,,,,,,,,,,,,,G - GST only,,,,,,
TC Publication Limited Partnership,,250-380-5227,,,,,,,,,,,,,,,,,G - GST only,,,,,,
TC Trades Affiliates Ltd.,,250-756-0077,,,,,,,,,,,,,,,,,G - GST only,,,,,,
tems sayamkwu Limited Partnership,,403-714-5750,,,,,,,,,,,,,,,,,G - GST only,,,,,,
Tenfold Projects Inc.,,250-383-6363,,,,,,,,,,,,,,,,,G - GST only,,,,,,
Terracap Management,,250-758-9433,604-468-7214,,,,,,,,,,,,,,,,G - GST only,,,,,,
Territorial Electric Ltd.,,780-465-7591,,,,,,,,,,,,,,,,,G - GST only,,,,,,
TES VSETIN s.r.o.,,+420 571 812 618,+420 736 755 172,,,,,,,,,,,,,,,,_CA-E,,,,,,
Tesla Motors Canada ULC,,,,,,,,,,,,,,,,,,,G - GST only,,,,,,
The Bowra Group Inc. - Receiver of Quinsam Coal Corp,,604-608-6248,,,,,,,,,,,,,,,,,G - GST only,,,,,,
The Butchart Gardens Ltd.,,250-544-4458,,,,,,,,,,,,,,,,,G - GST only,,,,,,
The Lodge at Gold River,,250-283-2900,250-287-5967,,,,,,,,,,,,,,,,G - GST only,,,,,,
The Sovereign Strata Corp,,,,,,,,,,,,,,,,,,,G - GST only,,,,,,
Thomas Cavanagh Construction,,,,,,,,,,,,,,,,,,,CA-GST only,,,,,,
Thomis Electric,,250-370-1123,250-213-1007,,,,,,,,,,,,,,,,G - GST only,,,,,,
Thompson Rivers University,,250-828-5000,,,,,,,,,,,,,,,,,G - GST only,,,,,,
Thrifty Foods,,250-483-1676,250-418-0222,,,,,,,,,,,,,,,,G - GST only,,,,,,
TimberWest Forest Company,,250-716-3700,250-716-3747,,,,,,,,,,,,,,,,G - GST only,,,,,,
Titan Construction Company Limited,,604-856-8888,,,,,,,,,,,,,,,,,G - GST only,,,,,,
Toba Montrose General Partnership,,604-633-9990,,,,,,,,,,,,,,,,,G - GST only,,,,,,
Toquaht Nation,,250-726-4230,,,,,,,,,,,,,,,,,G - GST only,,,,,,
Torbram Electric Supply Corporation,,905-495-0535,,,,,,,,,,,,,,,,,G - GST only,,,,,,
Touchstone Property Management,,604-630-5582,,,,,,,,,,,,,,,,,G - GST only,,,,,,
Tower Engineering Group Limited Partnership,,204-925-1150,,,,,,,,,,,,,,,,,G - GST only,,,,,,
Trafalgar Square Holding Co.,,604-531-1909,,,,,,,,,,,,,,,,,G - GST only,,,,,,
Trans Alta / Valisa / CPL,,403-238-6437,,,,,,,,,,,,,,,,,G - GST only,,,,,,
"Transport Canada, Sandspit Airport",,250-637-1059,,,,,,,,,,,,,,,,,G - GST only,,,,,,
Tretheway Creek Power LP,,604-894-6862,450-928-2550 x1305,,,,,,,,,,,,,,,,G - GST only,,,,,,
Trimarek Systems Ltd.,,250-216-2707,,,,,,,,,,,,,,,,,G - GST only,,,,,,
Trinity Power,,604-529-1134,888-758-4646,,,,,,,,,,,,,,,,G - GST only,,,,,,
Triovest,,604-684-1198,,,,,,,,,,,,,,,,,G - GST only,,,,,,
Triton Transformer Corp.,,(306) 291-6501,,,,,,,,,,,,,Matthew SULLIVAN,,,,G - GST only,,,,,,
Troy Electric Sales & Services Ltd,,250-382-7442,,,,,,,,,,,,,,,,,G - GST only,,,,,,
Tulloch Engineering Inc.,,705-949-1457,705-842-3372,,,,,,,,,,,,,,,,G - GST only,,,,,,
Tyler Electric,,250-882-2111,,,,,,,,,,,,,,,,,G - GST only,,,,,,
Tyson Creek Hydro Corp.,,604-886-7900,,,,,,,,,,,,,,,,,G - GST only,,,,,,
UBC Building Operations,,604-827-5056,604-803-0035,,,,,,,,,,,,,,,,GP - GST/PST - BC,,,,,,
UBC Properties Trust,,604-731-3103,,,,,,,,,,,,,,,,,G - GST only,,,,,,
Unitech Construction Mgt Ltd,,604-943-8845,,,,,,,,,,,,,,,,,G - GST only,,,,,,
University of Saskatchewan,,801-845-7366,980-321-7655,,,,,,,,,,,,,,,,G - GST only,,,,,,
University of Victoria,,250-721-7591,250-721-7211,,,,,,,,,,,,,,,,G - GST only,,,,,,
UPA Construction Group (BC) Ltd.,,604-437-5501,,,,,,,,,,,,,,,,,G - GST only,,,,,,
Upnit Power Limited Partnership,,250-731-7992,,,,,,,,,,,,,,,,,G - GST only,,,,,,
Upper Lillooet River LP,,,450-928-2550 x1305,,,,,,,,,,,,,,,,G - GST only,,,,,,
Valley Power Line Contracting Ltd.,,604-542-4875,604-309-3717,,,,,,,,,,,,,,,,G - GST only,,,,,,
Van Isle Marina,,250-656-1138,250-880-1942,,,,,,,,,,,,,,,,G - GST only,,,,,,
Vancouver Coastal Health,,604-875-7100,604-297-9215,,,,,,,,,,,,,,,,G - GST only,,,,,,
Vancouver Island Contracting Ltd.,vancouverisland.contracting@gmail.com,(250) 202-1100,,,,,,,,,,,,,David Hoar,,,,GP - GST/PST - BC,,,,,,
Vancouver Island Powerline,,250-475-3537,,,,,,,,,,,,,,,,,G - GST only,,,,,,
Vancouver Island University,,250-740-6230,,,,,,,,,,,,,,,,,G - GST only,,,,,,
Vandergaag & Baker,willy@bvcga.com,(250) 847- 2257,,,,,,,,,,,,,,,,,,,,,,,
Vanline Electric,,(778) 928-1572,,,,,,,,,,,,,,,,,,,,,,,
Venom Electric Ltd.,venomelectric@telus.net,(604) 302-3624,,,,,,,,,,,,,Matthew SULLIVAN,,,,GP - GST/PST - BC,,,,,,
Venuiti Solutions Inc.,,(866) 819-9155,,,,,,,,,,,,,Eric SLEIGH,,,,,,,,,,
Veresen Inc.,,604-637-6393,604-619-9402,,,,,,,,,,,,,,,,G - GST only,,,,,,
VGC Group LP,,514-908-9888,,,,,,,,,,,,,,,,,G - GST only,,,,,,
Vibrant Health Products Inc,,604-850-5654,,,,,,,,,,,,,,,,,G - GST only,,,,,,
Vic Pacific Warehouses Ltd.,,250-889-0644,250-477-7079,,,,,,,,,,,,,,,,G - GST only,,,,,,
Victoria Airport Authority,,250-953-7500,250-953-7519,,,,,,,,,,,,,,,,G - GST only,,,,,,
Victoria Conservatory of Music,,250-920-8160,,,,,,,,,,,,,,,,,G - GST only,,,,,,
Victoria Drain Services,,(250) 818-1609,,,,,,,,,,,,,,,,,,,,,,,
Victoria International Marina,,778-432-0477,,,,,,,,,,,,,,,,,G - GST only,,,,,,
Victoria Ocean Pointe Resort,,,,,,,,,,,,,,,,,,,G - GST only,,,,,,
VIH Aviation Group Ltd.,,250-655-6855,,,,,,,,,,,,,,,,,G - GST only,,,,,,
VIHA,,250-370-8203,250-883-3125,,Martin Schicchi,,,,,,,,,,,,,,G - GST only,,,,,,
VIHA Central Island,,,,,,,,,,,,,,,,,,,G - GST only,,,,,,
VIHA North,,250-850-2613,,,,,,,,,,,,,,,,,G - GST only,,,,,,
Viking Air Limited,,250-216-7618,250-656-7227,,,,,,,,,,,,,,,,G - GST only,,,,,,
Villa Eyrie Resort,,(250) 856-0188,,,,,,,,,,,,,Chris DUGGAN,,,,G - GST only,,,,,,
Village Food Markets,,250-588-2734,250-642-2734,,,,,,,,,,,,,,,,G - GST only,,,,,,
VIS 2756 c/o Concise Strata Management,,250-754-4001,,,,,,,,,,,,,,,,,G - GST only,,,,,,
Voith Hydro Inc.,,717-792-7809,717-792-7026,,,,,,,,,,,,,,,,G - GST only,,,,,,
VP Systems Ltd.,,250-652-6806,,,,,,,,,,,,,,,,,G - GST only,,,,,,
Wales McLelland Construction Company,,604-638-1212,,,,,,,,,,,,,,,,,G - GST only,,,,,,
Walmart Canada Corp.,,905-821-2111,647-638-8127,,,,,,,,,,,,,,,,G - GST only,,,,,,
Water Wall Turbine Inc.,,604-921-2525,,,,,,,,,,,,,,,,,G - GST only,,,,,,
Weber McCall Electric Ltd.,,604-741-1412,,,,,,,,,,,,,,,,,G - GST only,,,,,,
Webster Electric,,250-338-1686,,,,,,,,,,,,,,,,,G - GST only,,,,,,
Wesco Distribution Canada,,250-758-1777,,,,,,,,,,,,,,,,,G - GST only,,,,,,
Wespar Electrical,,250-744-6202,250-478-6723,,,,,,,,,,,,,,,,G - GST only,,,,,,
West Coast General Hospital,,250-724-8854,,,,,,,,,,,,,,,,,G - GST only,,,,,,
West Coast Marine Terminals Ltd.,,250-283-9266,250-735-6481,,,,,,,,,,,,,,,,G - GST only,,,,,,
West Coast Reduction Ltd.,,604-255-9301,866-337-3355,,,,,,,,,,,,,,,,G - GST only,,,,,,
West Fraser Mills Ltd.,,250-699-6235,,,,,,,,,,,,,,,,,G - GST only,,,,,,
West Isle Industries,,250-474-6277,,,,,,,,,,,,,,,,,G - GST only,,,,,,
Westbay Investments Ltd.,,250-361-5344,778-351-1549,,,,,,,,,,,,,,,,G - GST only,,,,,,
"Westburne, div. of Rexel Canada",,905-712-4004,,,,,,,,,,,,,,,,,G - GST only,,,,,,
Westcana Electric Inc.,,250-564-5800,866-349-4555,,,,,,,,,,,,,,,,G - GST only,,,,,,
Westcore Electrical & Mechanical,,250-758-5388,,,,,,,,,,,,,,,,,G - GST only,,,,,,
Western Forest Products Inc.,,604-648-4500,,,,,,,,,,,,,,,,,G - GST only,,,,,,
Western Integrated Electrical Ltd,sales@westernintegrated.ca,(604) 430-1202,,,,,,,,,,,,,David Hoar,,,,GP - GST/PST - BC,,,,,,
Western Joint Electrical Training Society,,,,,,,,,,,,,,,,,,,G - GST only,,,,,,
Western Pacific Enterprises Ltd.,,604-540-1321,,,,,,,,,,,,,,,,,G - GST only,,,,,,
Western Sustainable Power Inc.,,403-679-8306,,,,,,,,,,,,,,,,,G - GST only,,,,,,
Western Technical,,250-751-0362,,,,,,,,,,,,,,,,,,,,,,,
Westhills Land Corp,,250-474-0139,,,,,,,,,,,,,,,,,G - GST only,,,,,,
Westpark Electric Ltd.,,604-846-0039,,,,,,,,,,,,,,,,,G - GST only,,,,,,
Westshore Terminals,,604-946-3456,604-946-3480,,,,,,,,,,,,,,,,G - GST only,,,,,,
Westside Dentistry,,250-381-0028,,,,,,,,,,,,,,,,,G - GST only,,,,,,
Westurban Developments Ltd.,,250-914-8750,250-914-8485,,,,,,,,,,,,,,,,G - GST only,,,,,,
Westwater Construction Management,,,,,,,,,,,,,,,,,,,G - GST only,,,,,,
Wheaton Chevrolet Buick Cadillac GMC Ltd.,,250-382-7121,,,,,,,,,,,,,,,,,G - GST only,,,,,,
Whistler Blackcomb,,604-938-7208,604-938-7011,,,,,,,,,,,,,,,,G - GST only,,,,,,
Wildplay Element Parks,,250-595-2251,,,,,,,,,,,,,,,,,G - GST only,,,,,,
Wildstone Construction & Engineering Ltd.,,250-493-3947,,,,,,,,,,,,,,,,,G - GST only,,,,,,
William Head Institution,,,,,,,,,,,,,,,,,,,G - GST only,,,,,,
Win-Mar Freight Management,,204-988-1020,,,,,,,,,,,,,,,,,G - GST only,,,,,,
Winchester Court,,604-585-8500,250-595-7964,,,,,,,,,,,,,,,,G - GST only,,,,,,
Winchie Creek Hydro Limited Partnership,,250-390-2627,,,,,,,,,,,,,,,,,G - GST only,,,,,,
WindRiver Power Corporation,,604-379-1167,,,,,,,,,,,,,,,,,G - GST only,,,,,,
WindStorm Electric Ltd.,,250-203-6010,250-287-0999,,,,,,,,,,,,,,,,G - GST only,,,,,,
Woodmere Nursery Ltd.,,(250) 846-5750,,,,,,,,,,,,,,,,,,,,,,,
Workplace Development Services,,250-952-8771,,,,,,,,,,,,,,,,,G - GST only,,,,,,
WSP Canada Inc.,,250-384-5510,403-508-0219,,Grant Peterson,,,,,,,,,,,,,,G - GST only,,,,,,
Wynker Electric & Controls Ltd.,,604-703-5340,,,,,,,,,,,,,,,,,G - GST only,,,,,,
XAU Asset Group Ltd.,,604-418-7447,,,,,,,,,,,,,,,,,G - GST only,,,,,,
Xeitl LP,,250-651-2221,,,,,,,,,,,,,,,,,G - GST only,,,,,,
Yellowpoint Energy Solutions,,250-734-3029,,,,,,,,,,,,,,,,,G - GST only,,,,,,
YMCA-YWCA,,250-386-7511,,,,,,,,,,,,,,,,,G - GST only,,,,,,
Yourbrook Energy Systems Ltd.,,250-637-1703,,,,,,,,,,,,,,,,,G - GST only,,,,,,
Zella Holdings Ltd.,,604-746-7724,778-242-2011,,,,,,,,,,,,,,,,,,,,,,
Zeppelin Power Solutions Ltd.,,(604) 787-9725,,,,,,,,,,,,,Chris DUGGAN,,,,,,,,,,
Zinc8 Energy Solutions Inc.,,604-558-2061,604-558-1406 Ex 114,,,,,,,,,,,,,,,,G - GST only,,,,,,
